product,type
milch,dairy & chilled
butter,dairy & chilled
margarine,dairy & chilled
sahne,dairy & chilled
schlagsahne,dairy & chilled
joghurt,dairy & chilled
naturjoghurt,dairy & chilled
griechischer joghurt,dairy & chilled
yogurt,dairy & chilled
quark,dairy & chilled
frischkäse,dairy & chilled
cream cheese,dairy & chilled
mozzarella,dairy & chilled
cheddar,dairy & chilled
camembert,dairy & chilled
edamer,dairy & chilled
parmesan,dairy & chilled
emmentaler,dairy & chilled
ricotta,dairy & chilled
hüttenkäse,dairy & chilled
sour cream,dairy & chilled
crème fraîche,dairy & chilled
eier,dairy & chilled
eggs,dairy & chilled
laktosefreie milch,dairy & chilled
soy milk,dairy & chilled
kefir,dairy & chilled
skyr,dairy & chilled
butterkäse,dairy & chilled
feta,dairy & chilled
provolone,dairy & chilled
mascarpone,dairy & chilled
labneh,dairy & chilled
kräuterbutter,dairy & chilled
schokoladenpudding,dairy & chilled
pudding,dairy & chilled
milchreis,dairy & chilled
brot,bakery
brötchen,bakery
croissant,bakery
bagel,bakery
toast,bakery
baguette,bakery
kuchen,bakery
cake,bakery
muffin,bakery
donut,bakery
ciabatta,bakery
vollkornbrot,bakery
rye bread,bakery
toastbrot,bakery
scones,bakery
pita,bakery
fladenbrot,bakery
brioche,bakery
hefeteig,bakery
butterhörnchen,bakery
mürbeteig,bakery
zwiebelbrot,bakery
rosinenbrötchen,bakery
hamburger buns,bakery
hot dog buns,bakery
baguette brötchen,bakery
toasties,bakery
panini,bakery
focaccia,bakery
ciabattabrötchen,bakery
croissantschnecke,bakery
plundergebäck,bakery
donuts,bakery
cupcakes,bakery
biskuit,bakery
brownies,bakery
hefezopf,bakery
rosinenzopf,bakery
apfeltasche,bakery
streuseltasche,bakery
mürbeteigtasche,bakery
apfel,fruit & vegetables & nuts
apple,fruit & vegetables & nuts
banane,fruit & vegetables & nuts
banana,fruit & vegetables & nuts
birne,fruit & vegetables & nuts
pear,fruit & vegetables & nuts
orange,fruit & vegetables & nuts
mandarine,fruit & vegetables & nuts
tangerine,fruit & vegetables & nuts
grapefruit,fruit & vegetables & nuts
kiwi,fruit & vegetables & nuts
ananas,fruit & vegetables & nuts
pineapple,fruit & vegetables & nuts
mango,fruit & vegetables & nuts
papaya,fruit & vegetables & nuts
trauben,fruit & vegetables & nuts
grapes,fruit & vegetables & nuts
erdbeeren,fruit & vegetables & nuts
strawberries,fruit & vegetables & nuts
himbeeren,fruit & vegetables & nuts
raspberries,fruit & vegetables & nuts
blaubeeren,fruit & vegetables & nuts
blueberries,fruit & vegetables & nuts
heidelbeeren,fruit & vegetables & nuts
blackberries,fruit & vegetables & nuts
kirschen,fruit & vegetables & nuts
cherries,fruit & vegetables & nuts
pfirsich,fruit & vegetables & nuts
peach,fruit & vegetables & nuts
nectarine,fruit & vegetables & nuts
aprikose,fruit & vegetables & nuts
apricot,fruit & vegetables & nuts
pflaumen,fruit & vegetables & nuts
plums,fruit & vegetables & nuts
bananen,fruit & vegetables & nuts
karotte,fruit & vegetables & nuts
carrot,fruit & vegetables & nuts
gurke,fruit & vegetables & nuts
cucumber,fruit & vegetables & nuts
tomate,fruit & vegetables & nuts
tomato,fruit & vegetables & nuts
paprika,fruit & vegetables & nuts
bell pepper,fruit & vegetables & nuts
chili,fruit & vegetables & nuts
salat,fruit & vegetables & nuts
lettuce,fruit & vegetables & nuts
spinat,fruit & vegetables & nuts
spinach,fruit & vegetables & nuts
brokkoli,fruit & vegetables & nuts
broccoli,fruit & vegetables & nuts
blumenkohl,fruit & vegetables & nuts
cauliflower,fruit & vegetables & nuts
zucchini,fruit & vegetables & nuts
squash,fruit & vegetables & nuts
aubergine,fruit & vegetables & nuts
eggplant,fruit & vegetables & nuts
kartoffel,fruit & vegetables & nuts
potato,fruit & vegetables & nuts
süßkartoffel,fruit & vegetables & nuts
sweet potato,fruit & vegetables & nuts
kohlrabi,fruit & vegetables & nuts
rotkohl,fruit & vegetables & nuts
red cabbage,fruit & vegetables & nuts
weißkohl,fruit & vegetables & nuts
cabbage,fruit & vegetables & nuts
rosenkohl,fruit & vegetables & nuts
brussels sprouts,fruit & vegetables & nuts
fenchel,fruit & vegetables & nuts
fennel,fruit & vegetables & nuts
sellerie,fruit & vegetables & nuts
celery,fruit & vegetables & nuts
radieschen,fruit & vegetables & nuts
radish,fruit & vegetables & nuts
zuckerschoten,fruit & vegetables & nuts
sugar snaps,fruit & vegetables & nuts
erbsen,fruit & vegetables & nuts
peas,fruit & vegetables & nuts
linsen,fruit & vegetables & nuts
lentils,fruit & vegetables & nuts
kichererbsen,fruit & vegetables & nuts
chickpeas,fruit & vegetables & nuts
mandeln,fruit & vegetables & nuts
almonds,fruit & vegetables & nuts
walnüsse,fruit & vegetables & nuts
walnuts,fruit & vegetables & nuts
haselnüsse,fruit & vegetables & nuts
hazelnuts,fruit & vegetables & nuts
cashewnüsse,fruit & vegetables & nuts
cashews,fruit & vegetables & nuts
pistazien,fruit & vegetables & nuts
pistachios,fruit & vegetables & nuts
macadamianüsse,fruit & vegetables & nuts
macadamia nuts,fruit & vegetables & nuts
kürbiskerne,fruit & vegetables & nuts
pumpkin seeds,fruit & vegetables & nuts
sonnenblumenkerne,fruit & vegetables & nuts
sunflower seeds,fruit & vegetables & nuts
pinienkerne,fruit & vegetables & nuts
pine nuts,fruit & vegetables & nuts
traube,fruit & vegetables & nuts
grapefruit,fruit & vegetables & nuts
heidelbeere,fruit & vegetables & nuts
blueberry,fruit & vegetables & nuts
tomaten, canned goods
tomatoes, canned goods
tomatenstücke, canned goods
diced tomatoes, canned goods
tomatenpüree, canned goods
tomato puree, canned goods
tomatensauce, canned goods
tomato sauce, canned goods
mais, canned goods
corn, canned goods
erbsen, canned goods
peas, canned goods
bohnen, canned goods
beans, canned goods
kidneybohnen, canned goods
kidney beans, canned goods
kichererbsen, canned goods
chickpeas, canned goods
linsen, canned goods
lentils, canned goods
suppen, canned goods
soup, canned goods
brühe, canned goods
broth, canned goods
pilze, canned goods
mushrooms, canned goods
spargel, canned goods
asparagus, canned goods
pfirsiche, canned goods
peaches, canned goods
ananas, canned goods
pineapple, canned goods
aprikosen, canned goods
apricots, canned goods
birnen, canned goods
pears, canned goods
pflaumen, canned goods
plums, canned goods
erdbeeren, canned goods
strawberries, canned goods
himbeeren, canned goods
raspberries, canned goods
blaubeeren, canned goods
blueberries, canned goods
hefeextrakt, canned goods
yeast extract, canned goods
thunfisch, canned goods
tuna, canned goods
sardinen, canned goods
sardines, canned goods
lachs, canned goods
salmon, canned goods
hühnerfleisch, canned goods
chicken, canned goods
rindfleisch, canned goods
beef, canned goods
gemüse, canned goods
vegetables, canned goods
sauerkraut, canned goods
pickles, canned goods
oliven, canned goods
olives, canned goods
paprika, canned goods
bell peppers, canned goods
kürbis, canned goods
pumpkin, canned goods
ketchup,sauces & spices & dressings
tomatenketchup,sauces & spices & dressings
mayonnaise,sauces & spices & dressings
senf,sauces & spices & dressings
dijonsenf,sauces & spices & dressings
bbq-sauce,sauces & spices & dressings
barbecue sauce,sauces & spices & dressings
sojasauce,sauces & spices & dressings
soy sauce,sauces & spices & dressings
worcestersauce,sauces & spices & dressings
chilisauce,sauces & spices & dressings
sweet chili sauce,sauces & spices & dressings
hot sauce,sauces & spices & dressings
tabasco,sauces & spices & dressings
pesto,sauces & spices & dressings
pesto rosso,sauces & spices & dressings
mayonnaise light,sauces & spices & dressings
salatdressing,sauces & spices & dressings
vinaigrette,sauces & spices & dressings
italienisches dressing,sauces & spices & dressings
italian dressing,sauces & spices & dressings
italienische krauter,sauces & spices & dressings
italian herbs,sauces & spices & dressings
basilikum,sauces & spices & dressings
basil,sauces & spices & dressings
oregano,sauces & spices & dressings
oregano,sauces & spices & dressings
rosmarin,sauces & spices & dressings
rosemary,sauces & spices & dressings
thymian,sauces & spices & dressings
thyme,sauces & spices & dressings
pfeffer,sauces & spices & dressings
black pepper,sauces & spices & dressings
salz,sauces & spices & dressings
salt,sauces & spices & dressings
paprikapulver,sauces & spices & dressings
paprika powder,sauces & spices & dressings
currypulver,sauces & spices & dressings
curry powder,sauces & spices & dressings
knoblauchpulver,sauces & spices & dressings
garlic powder,sauces & spices & dressings
zwiebelpulver,sauces & spices & dressings
onion powder,sauces & spices & dressings
chilipulver,sauces & spices & dressings
chili powder,sauces & spices & dressings
italienische gewürzmischung,sauces & spices & dressings
italian seasoning,sauces & spices & dressings
gemüsebrühe,sauces & spices & dressings
vegetable stock,sauces & spices & dressings
hühnerbrühe,sauces & spices & dressings
chicken stock,sauces & spices & dressings
fischsauce,sauces & spices & dressings
fish sauce,sauces & spices & dressings
soßenbinder,sauces & spices & dressings
gravy thickener,sauces & spices & dressings
wasser,drinks & alcohol
water,drinks & alcohol
mineralwasser,drinks & alcohol
stilles wasser,drinks & alcohol
still water,drinks & alcohol
sprudelwasser,drinks & alcohol
sparkling water,drinks & alcohol
cola,drinks & alcohol
coke,drinks & alcohol
pepsi,drinks & alcohol
fanta,drinks & alcohol
sprite,drinks & alcohol
limo,drinks & alcohol
lemonade,drinks & alcohol
saft,drinks & alcohol
juice,drinks & alcohol
orangensaft,drinks & alcohol
orange juice,drinks & alcohol
apfelsaft,drinks & alcohol
apple juice,drinks & alcohol
traubensaft,drinks & alcohol
grape juice,drinks & alcohol
multivitaminsaft,drinks & alcohol
multivitamin juice,drinks & alcohol
bier,drinks & alcohol
beer,drinks & alcohol
pils,drinks & alcohol
lager,drinks & alcohol
weizenbier,drinks & alcohol
wheat beer,drinks & alcohol
alkoholfreies bier,drinks & alcohol
non-alcoholic beer,drinks & alcohol
wein,drinks & alcohol
wine,drinks & alcohol
rotwein,drinks & alcohol
red wine,drinks & alcohol
weißwein,drinks & alcohol
white wine,drinks & alcohol
roséwein,drinks & alcohol
rose wine,drinks & alcohol
champagner,drinks & alcohol
champagne,drinks & alcohol
sekt,drinks & alcohol
sparkling wine,drinks & alcohol
vodka,drinks & alcohol
gin,drinks & alcohol
rum,drinks & alcohol
whiskey,drinks & alcohol
whisky,drinks & alcohol
tequila,drinks & alcohol
likör,drinks & alcohol
liqueur,drinks & alcohol
cocktail,drinks & alcohol
biermischgetränk,drinks & alcohol
beer mix,drinks & alcohol
energydrink,drinks & alcohol
energy drink,drinks & alcohol
tee,drinks & alcohol
tea,drinks & alcohol
kaffee,drinks & alcohol
coffee,drinks & alcohol
kakao,drinks & alcohol
hot chocolate,drinks & alcohol
nuss-nougat-creme,spreads
nutella,spreads
erdnussbutter,spreads
peanut butter,spreads
marmelade,spreads
jam,spreads
honig,spreads
honey,spreads
aprikosenmarmelade,spreads
apricot jam,spreads
erdbeermarmelade,spreads
strawberry jam,spreads
himbeermarmelade,spreads
raspberry jam,spreads
blaubeermarmelade,spreads
blueberry jam,spreads
pflaumenmus,spreads
plum butter,spreads
schokocreme,spreads
chocolate spread,spreads
kastaniencreme,spreads
chestnut cream,spreads
cream cheese,spreads
vegane streichcreme,spreads
vegan spread,spreads
sirup,spreads
maple syrup,spreads
honigaufstrich,spreads
honey spread,spreads
erdnussaufstrich,spreads
peanut spread,spreads
kaffee,coffee & tea
coffee,coffee & tea
espresso,coffee & tea
cappuccino,coffee & tea
latte macchiato,coffee & tea
latte,coffee & tea
kaffeepads,coffee & tea
coffee pods,coffee & tea
kaffeebohnen,coffee & tea
coffee beans,coffee & tea
instantkaffee,coffee & tea
instant coffee,coffee & tea
tee,coffee & tea
tea,coffee & tea
grüner tee,coffee & tea
green tea,coffee & tea
schwarzer tee,coffee & tea
black tea,coffee & tea
früchtetee,coffee & tea
fruit tea,coffee & tea
kräutertee,coffee & tea
herbal tea,coffee & tea
chai tee,coffee & tea
chai tea,coffee & tea
earl grey,coffee & tea
oolong tee,coffee & tea
oolong tea,coffee & tea
matcha tee,coffee & tea
matcha tea,coffee & tea
pfefferminztee,coffee & tea
peppermint tea,coffee & tea
kamillentee,coffee & tea
chamomile tea,coffee & tea
koffeinfreier kaffee,coffee & tea
decaf coffee,coffee & tea
eistee,coffee & tea
iced tea,coffee & tea
chai latte,coffee & tea
müsli,cereals & muesli
muesli,cereals & muesli
cornflakes,cereals & muesli
haferflocken,cereals & muesli
oat flakes,cereals & muesli
puffed rice,cereals & muesli
knuspermüsli,cereals & muesli
crunchy muesli,cereals & muesli
granola,cereals & muesli
schokomüsli,cereals & muesli
chocolate muesli,cereals & muesli
frühstückscerealien,cereals & muesli
breakfast cereals,cereals & muesli
reismüsli,cereals & muesli
rice muesli,cereals & muesli
multigrain flakes,cereals & muesli
hafercerealien,cereals & muesli
oat cereals,cereals & muesli
amaranth flakes,cereals & muesli
quinoa flakes,cereals & muesli
buchweizenflocken,cereals & muesli
buckwheat flakes,cereals & muesli
weizenflakes,cereals & muesli
wheat flakes,cereals & muesli
fruchtmüsli,cereals & muesli
fruit muesli,cereals & muesli
nussmüsli,cereals & muesli
nut muesli,cereals & muesli
schokoflakes,cereals & muesli
chocolate flakes,cereals & muesli
frosties,cereals & muesli
cheerios,cereals & muesli
rice krispies,cereals & muesli
fitness flakes,cereals & muesli
bran flakes,cereals & muesli
kinder frühstück,cereals & muesli
kinder cereals,cereals & muesli
nudeln,pasta & rice
pasta,pasta & rice
spaghetti,pasta & rice
tagliatelle,pasta & rice
fettuccine,pasta & rice
penne,pasta & rice
maccheroni,pasta & rice
fusilli,pasta & rice
farfalle,pasta & rice
lasagneblätter,pasta & rice
cannelloni,pasta & rice
gnocchi,pasta & rice
reis,pasta & rice
rice,pasta & rice
basmatireis,pasta & rice
basmati rice,pasta & rice
parboiled reis,pasta & rice
parboiled rice,pasta & rice
risotto reis,pasta & rice
risotto rice,pasta & rice
jasmine reis,pasta & rice
jasmine rice,pasta & rice
vollkornnudeln,pasta & rice
whole wheat pasta,pasta & rice
dinkelnudeln,pasta & rice
spelt pasta,pasta & rice
reisnudeln,pasta & rice
rice noodles,pasta & rice
soba nudeln,pasta & rice
soba noodles,pasta & rice
udon nudeln,pasta & rice
udon noodles,pasta & rice
reismakkaroni,pasta & rice
rice macaroni,pasta & rice
lasagne,pasta & rice
couscous,pasta & rice
couscous, pasta & rice
quinoa,pasta & rice
quinoa, pasta & rice
glutenfreie nudeln,pasta & rice
gluten free pasta,pasta & rice
nudelmix,pasta & rice
pasta mix,pasta & rice
mehl,cooking & baking
flour,cooking & baking
weizenmehl,cooking & baking
wheat flour,cooking & baking
dinkelmehl,cooking & baking
spelt flour,cooking & baking
backpulver,cooking & baking
baking powder,cooking & baking
hefe,cooking & baking
yeast,cooking & baking
zucker,cooking & baking
sugar,cooking & baking
puderzucker,cooking & baking
powdered sugar,cooking & baking
brauner zucker,cooking & baking
brown sugar,cooking & baking
vanillezucker,cooking & baking
vanilla sugar,cooking & baking
salz,cooking & baking
salt,cooking & baking
speisestärke,cooking & baking
cornstarch,cooking & baking
maisstärke,cooking & baking
corn flour,cooking & baking
kakaopulver,cooking & baking
cocoa powder,cooking & baking
schokolade,cooking & baking
chocolate,cooking & baking
kuvertüre,cooking & baking
couverture chocolate,cooking & baking
mandeln,cooking & baking
almonds,cooking & baking
haselnüsse,cooking & baking
hazelnuts,cooking & baking
walnüsse,cooking & baking
walnuts,cooking & baking
margarine,cooking & baking
öl,cooking & baking
oil,cooking & baking
pflanzenöl,cooking & baking
vegetable oil,cooking & baking
rapsöl,cooking & baking
rapeseed oil,cooking & baking
kokosöl,cooking & baking
coconut oil,cooking & baking
honig,cooking & baking
honey,cooking & baking
sirup,cooking & baking
syrup,cooking & baking
backmischung,cooking & baking
baking mix,cooking & baking
mürbeteig,cooking & baking
shortcrust pastry,cooking & baking
blätterteig,cooking & baking
puff pastry,cooking & baking
vanilleextrakt,cooking & baking
vanilla extract,cooking & baking
zimt,cooking & baking
cinnamon,cooking & baking
muskatnuss,cooking & baking
nutmeg,cooking & baking
nelken,cooking & baking
cloves,cooking & baking
rindfleisch,meat & fish
beef,meat & fish
schweinefleisch,meat & fish
pork,meat & fish
huhn,meat & fish
chicken,meat & fish
pute,meat & fish
turkey,meat & fish
lamm,meat & fish
lamb,meat & fish
hackfleisch,meat & fish
minced meat,meat & fish
würstchen,meat & fish
sausages,meat & fish
salami,meat & fish
schinken,meat & fish
ham,meat & fish
speck,meat & fish
bacon,meat & fish
fisch,meat & fish
fish,meat & fish
lachs,meat & fish
salmon,meat & fish
thunfisch,meat & fish
tuna,meat & fish
makrele,meat & fish
mackerel,meat & fish
forelle,meat & fish
trout,meat & fish
hecht,meat & fish
pike,meat & fish
garnelen,meat & fish
shrimp,meat & fish
krabben,meat & fish
crab,meat & fish
muscheln,meat & fish
mussels,meat & fish
tintenfisch,meat & fish
squid,meat & fish
kalbfleisch,meat & fish
veal,meat & fish
entenbrust,meat & fish
duck breast,meat & fish
entenkeule,meat & fish
duck leg,meat & fish
entenfleisch,meat & fish
duck,meat & fish
gans,meat & fish
goose,meat & fish
wildfleisch,meat & fish
venison,meat & fish
kaninchenfleisch,meat & fish
rabbit,meat & fish
hacksteak,meat & fish
ground steak,meat & fish
tiefkühlgemüse,frozen
frozen vegetables,frozen
tiefkühlspinat,frozen
frozen spinach,frozen
tiefkühlbrokkoli,frozen
frozen broccoli,frozen
tiefkühlblumenkohl,frozen
frozen cauliflower,frozen
tiefkühlobst,frozen
frozen fruit,frozen
beerenmix,frozen
berry mix,frozen
himbeeren gefroren,frozen
frozen raspberries,frozen
erdbeeren gefroren,frozen
frozen strawberries,frozen
blaubeeren gefroren,frozen
frozen blueberries,frozen
pfirsiche gefroren,frozen
frozen peaches,frozen
fisch gefroren,frozen
frozen fish,frozen
garnelen gefroren,frozen
frozen shrimp,frozen
pizza gefroren,frozen
frozen pizza,frozen
fertiggerichte gefroren,frozen
frozen ready meals,frozen
pommes frites gefroren,frozen
frozen french fries,frozen
fischstäbchen,frozen
fish sticks,frozen
hamburger patties gefroren,frozen
frozen hamburger patties,frozen
hähnchenfilet gefroren,frozen
frozen chicken fillet,frozen
eis,frozen
ice cream,frozen
sorbet,frozen
frozen sorbet,frozen
schokolade,sweets & snacks
chocolate,sweets & snacks
schokoriegel,sweets & snacks
chocolate bar,sweets & snacks
bonbons,sweets & snacks
candies,sweets & snacks
lutscher,sweets & snacks
lollipop,sweets & snacks
gummibärchen,sweets & snacks
gummy bears,sweets & snacks
lakritz,sweets & snacks
licorice,sweets & snacks
chips,sweets & snacks
crisps,sweets & snacks
kartoffelchips,sweets & snacks
potato chips,sweets & snacks
popcorn,sweets & snacks
nüsse geröstet,sweets & snacks
roasted nuts,sweets & snacks
mandeln geröstet,sweets & snacks
roasted almonds,sweets & snacks
cashews,sweets & snacks
pistazien,sweets & snacks
pistachios,sweets & snacks
cracker,sweets & snacks
salzige snacks,sweets & snacks
salted snacks,sweets & snacks
kekse,sweets & snacks
biscuits,sweets & snacks
cookies,sweets & snacks
müsliriegel,sweets & snacks
muesli bar,sweets & snacks
riegel,sweets & snacks
energy bar,sweets & snacks
donuts,sweets & snacks
muffins,sweets & snacks
brownies,sweets & snacks
waffeln,sweets & snacks
waffles,sweets & snacks
marshmallows,sweets & snacks
pralinen,sweets & snacks
trüffel,sweets & snacks
windeln,household & baby & pets
diapers,household & baby & pets
babyfeuchttücher,household & baby & pets
baby wipes,household & baby & pets
babynahrung,household & baby & pets
baby food,household & baby & pets
babymilch,household & baby & pets
infant formula,household & baby & pets
fläschchen,household & baby & pets
baby bottle,household & baby & pets
schnuller,household & baby & pets
pacifier,household & baby & pets
haustierfutter,household & baby & pets
pet food,household & baby & pets
hundefutter,household & baby & pets
dog food,household & baby & pets
katzenfutter,household & baby & pets
cat food,household & baby & pets
käfigstreu,household & baby & pets
litter,household & baby & pets
haustierspielzeug,household & baby & pets
pet toys,household & baby & pets
reinigungsmittel,household & baby & pets
cleaning products,household & baby & pets
spülmittel,household & baby & pets
dish soap,household & baby & pets
shampoo,household & baby & pets
schampo,household & baby & pets
waschmittel,household & baby & pets
laundry detergent,household & baby & pets
putzmittel,household & baby & pets
cleaning agents,household & baby & pets
papierhandtücher,household & baby & pets
paper towels,household & baby & pets
toilettenpapier,household & baby & pets
toilet paper,household & baby & pets
müllbeutel,household & baby & pets
trash bags,household & baby & pets
windelcreme,household & baby & pets
diaper cream,household & baby & pets
babypflegeprodukte,household & baby & pets
baby care products,household & baby & pets
hundeleine,household & baby & pets
dog leash,household & baby & pets
katzenstreu,household & baby & pets
cat litter,household & baby & pets
haustierbedarf,household & baby & pets
pet supplies,household & baby & pets
fertiggerichte,ready meals & broth & sauce
ready meals,ready meals & broth & sauce
tiefkühlfertiggerichte,ready meals & broth & sauce
frozen ready meals,ready meals & broth & sauce
nudelgerichte,ready meals & broth & sauce
pasta meals,ready meals & broth & sauce
reispfannen,ready meals & broth & sauce
rice dishes,ready meals & broth & sauce
currygerichte,ready meals & broth & sauce
curry dishes,ready meals & broth & sauce
suppen,ready meals & broth & sauce
soups,ready meals & broth & sauce
gemüsesuppe,ready meals & broth & sauce
vegetable soup,ready meals & broth & sauce
hühnersuppe,ready meals & broth & sauce
chicken soup,ready meals & broth & sauce
brühe,ready meals & broth & sauce
broth,ready meals & broth & sauce
rinderbrühe,ready meals & broth & sauce
beef broth,ready meals & broth & sauce
soßen,ready meals & broth & sauce
sauces,ready meals & broth & sauce
tomatensoße,ready meals & broth & sauce
tomato sauce,ready meals & broth & sauce
pestosauce,ready meals & broth & sauce
pesto sauce,ready meals & broth & sauce
käsesauce,ready meals & broth & sauce
cheese sauce,ready meals & broth & sauce
currysauce,ready meals & broth & sauce
curry sauce,ready meals & broth & sauce
suppenpaste,ready meals & broth & sauce
soup paste,ready meals & broth & sauce
fertigsaucen,ready meals & broth & sauce
ready sauces,ready meals & broth & sauce
suppenwürfel,ready meals & broth & sauce
bouillon cubes,ready meals & broth & sauce
fond,ready meals & broth & sauce
fonds,ready meals & broth & sauce
